team,opponent,predicted_win_prob
BOS,MIA,0.8905797219562398
CLE,ORL,0.47627670246589093
DAL,LAC,0.10648818659858636
DEN,LAL,0.8953054949738025
IND,MIL,0.5775091701389191
LAC,DAL,0.7811712620534944
LAL,DEN,0.062382314411914615
MIA,BOS,0.04101094958188015
MIL,IND,0.5791844126834877
MIN,PHX,0.33070515929117145
NOP,OKC,0.1575012763470284
NYK,PHI,0.8742183928442286
OKC,NOP,0.8780675400626609
ORL,CLE,0.4417861893621526
PHI,NYK,0.31185939538937496
PHX,MIN,0.49344284058061044
